categoria,tituloLibro,autorLibro,formato,precio,estatus,separador
EstiloVida,Estilo Vida 1,Homero,Medio (PM),2000,Disponible,
EstiloVida,Estilo Vida 2,Homer S,Largo (PL),3200,Disponible,
EstiloVida,Estilo Vida 3,Homero,Medio (PM),2000,Disponible,
EstiloVida,Estilo Vida 4,Homero,Medio (PM),2000,Disponible,
EstiloVida,Estilo Vida 5,Homer S,Largo (PL),3200,Disponible,
EstiloVida,Estilo Vida 6,Homero,Medio (PM),2000,Disponible,
EstiloVida,Estilo Vida 7,Homero,Especial Extra Pequeno (XPS),2000,Disponible,
EstiloVida,Estilo Vida 8,Homer S,Largo (PL),3200,Disponible,
EstiloVida,Estilo Vida 9,Homero,Medio (PM),2000,Disponible,
EstiloVida,Estilo Vida 10,Homero,Especial Dwarsligger(DXS),2000,Disponible,